/*
Navicat MariaDB Data Transfer

Source Server         : local
Source Server Version : 100113
Source Host           : localhost:3306
Source Database       : symfony

Target Server Type    : MariaDB
Target Server Version : 100113
File Encoding         : 65001

Date: 2016-11-14 12:48:28
*/

SET FOREIGN_KEY_CHECKS=0;

-- ----------------------------
-- Table structure for category
-- ----------------------------
DROP TABLE IF EXISTS `category`;
CREATE TABLE `category` (
  `id` int(11) NOT NULL AUTO_INCREMENT,
  `name` varchar(255) COLLATE utf8_unicode_ci NOT NULL,
  PRIMARY KEY (`id`)
) ENGINE=InnoDB AUTO_INCREMENT=7 DEFAULT CHARSET=utf8 COLLATE=utf8_unicode_ci;

-- ----------------------------
-- Records of category
-- ----------------------------
INSERT INTO `category` VALUES ('1', 'Спорт');
INSERT INTO `category` VALUES ('2', 'IT');
INSERT INTO `category` VALUES ('3', 'Политика');
INSERT INTO `category` VALUES ('4', 'Медицина');
INSERT INTO `category` VALUES ('5', 'Культура');
INSERT INTO `category` VALUES ('6', 'Образование');

-- ----------------------------
-- Table structure for comment
-- ----------------------------
DROP TABLE IF EXISTS `comment`;
CREATE TABLE `comment` (
  `id` int(11) NOT NULL AUTO_INCREMENT,
  `news_id` int(11) NOT NULL,
  `message` varchar(255) COLLATE utf8_unicode_ci NOT NULL,
  `nickname` varchar(255) COLLATE utf8_unicode_ci NOT NULL,
  PRIMARY KEY (`id`),
  KEY `IDX_9474526CB5A459A0` (`news_id`),
  CONSTRAINT `FK_9474526CB5A459A0` FOREIGN KEY (`news_id`) REFERENCES `news` (`id`)
) ENGINE=InnoDB AUTO_INCREMENT=4 DEFAULT CHARSET=utf8 COLLATE=utf8_unicode_ci;

-- ----------------------------
-- Records of comment
-- ----------------------------
INSERT INTO `comment` VALUES ('1', '4', 'Hi', 'Михаил');
INSERT INTO `comment` VALUES ('2', '4', 'Bay', 'Роман');
INSERT INTO `comment` VALUES ('3', '4', 'Lay', 'Андрей');

-- ----------------------------
-- Table structure for news
-- ----------------------------
DROP TABLE IF EXISTS `news`;
CREATE TABLE `news` (
  `id` int(11) NOT NULL AUTO_INCREMENT,
  `title` varchar(255) COLLATE utf8_unicode_ci NOT NULL,
  `content` text COLLATE utf8_unicode_ci NOT NULL,
  `created_at` datetime NOT NULL,
  `category_id` int(11) NOT NULL,
  PRIMARY KEY (`id`),
  KEY `IDX_1DD3995012469DE2` (`category_id`),
  CONSTRAINT `FK_1DD3995012469DE2` FOREIGN KEY (`category_id`) REFERENCES `category` (`id`)
) ENGINE=InnoDB AUTO_INCREMENT=18 DEFAULT CHARSET=utf8 COLLATE=utf8_unicode_ci;

-- ----------------------------
-- Records of news
-- ----------------------------
INSERT INTO `news` VALUES ('4', 'Nequ porro quisquam est qui dolorem ipsum quia dolor sit amet, consectetur, adipisci velit', '<p><img alt=\"\" src=\"/bundles/blog/images/news/149-82ee6f663505058e2df8a15a5a813d7a.jpg\" style=\"float:left; height:200px; margin:10px; width:300px\" /><span style=\"font-family:Arial,Helvetica,sans-serif\">Lorem ipsum dolor sit amet, consectetur adipiscing elit. &nbsp;Aliquam pharetra porttitor nibh vitae lacinia. &nbsp;Quisque ante arcu, interdum vitae suscipit ac, ultricies eget massa. &nbsp;Nunc malesuada nibh lectus, sed fringilla nisi interdum a. &nbsp;Etiam ornare quis enim sed sodales. &nbsp;Donec ut felis laoreet, venenatis velit sit amet, viverra odio. &nbsp;Proin erat nulla, laoreet in sem sit amet, pharetra fermentum magna. Suspendisse ut eros hendrerit, commodo mi fringilla, pellentesque purus. &nbsp;Etiam gravida placerat justo. </span>Nunc consequat odio eget ante pulvinar egestas. &nbsp;Etiam nec nisl eget odio congue sagittis. Nam cursus rutrum cursus. Morbi non urna tortor. Nulla facilisis sodales felis id ultrices. Vestibulum tortor sem, faucibus eget rhoncus id, tempor sed nibh. Lorem ipsum dolor sit amet, consectetur adipiscing elit. Aliquam pharetra porttitor nibh vitae lacinia. Quisque ante arcu, interdum vitae suscipit ac, ultricies eget massa. Nunc malesuada nibh lectus, sed fringilla nisi interdum a. Etiam ornare quis enim sed sodales. Donec ut felis laoreet, venenatis velit sit amet, viverra odio. Proin erat nulla, laoreet in sem sit amet, pharetra fermentum magna. Suspendisse ut eros hendrerit, commodo mi fringilla, pellentesque purus. Etiam gravida placerat justo. Nunc consequat odio eget ante pulvinar egestas. Etiam nec nisl eget odio congue sagittis. Nam cursus rutrum cursus. Morbi non urna tortor. Nulla facilisis sodales felis id ultrices. Vestibulum tortor sem, faucibus eget rhoncus id, tempor sed nibh.Vestibulum tortor sem, faucibus eget rhoncus id, tempor sed nibh. Lorem ipsum dolor sit amet, consectetur adipiscing elit. Aliquam pharetra porttitor nibh vitae lacinia. Quisque ante arcu, interdum vitae suscipit ac, ultricies eget massa. Nunc malesuada nibh lectus, sed fringilla nisi interdum a.&nbsp;Vestibulum tortor sem, faucibus eget rhoncus id, tempor sed nibh. Lorem ipsum dolor sit amet, consectetur adipiscing elit. Aliquam pharetra porttitor nibh vitae lacinia. Quisque ante arcu, interdum vitae suscipit ac, ultricies eget massa. Nunc malesuada nibh lectus, sed fringilla nisi interdum a.&nbsp;</p>\r\n', '2016-11-02 08:40:28', '1');
INSERT INTO `news` VALUES ('5', 'In libero nibh, sagittis nec elementum vel, varius sed enim', '<p>In libero nibh, sagittis nec elementum vel, varius sed enim. Morbi pharetra, mi ut pellentesque placerat, dui metus dignissim arcu, quis fringilla massa ligula at lorem. Donec commodo leo mauris, sit amet sollicitudin mauris dictum non. Donec arcu eros, interdum sodales commodo nec, dapibus eu lacus. Suspendisse nisl tortor, congue ut eros vitae, sollicitudin scelerisque urna. Proin tincidunt dolor laoreet dui euismod condimentum. Aenean et ligula vel dolor consequat varius sit amet ut lorem. Nullam vitae dolor sit amet tortor tempus tincidunt sed a diam. Integer convallis dolor sapien, vel porttitor augue malesuada a. Mauris turpis arcu, cursus id augue ac, bibendum tempor turpis. Ut interdum augue vel ante lacinia, in lacinia est luctus. Quisque dui purus, tempor a sapien ut, varius sagittis felis. Aliquam non vulputate metus, nec consectetur ante. Nam id convallis mauris. Donec euismod nisl dolor, sed finibus libero condimentum a. Nam dignissim aliquam justo lacinia dignissim.</p>\r\n', '2016-11-03 08:40:44', '2');
INSERT INTO `news` VALUES ('6', 'Что такое Lorem Ipsum?', '<p>Lorem Ipsum - это текст-&quot;рыба&quot;, часто используемый в печати и вэб-дизайне. Lorem Ipsum является стандартной &quot;рыбой&quot; для текстов на латинице с начала XVI века. В то время некий безымянный печатник создал большую коллекцию размеров и форм шрифтов, используя Lorem Ipsum для распечатки образцов. Lorem Ipsum не только успешно пережил без заметных изменений пять веков, но и перешагнул в электронный дизайн. Его популяризации в новое время послужили публикация листов Letraset с образцами Lorem Ipsum в 60-х годах и, в более недавнее время, программы электронной вёрстки типа Aldus PageMaker, в шаблонах которых используется Lorem Ipsum.</p>\r\n', '2016-11-04 08:40:50', '3');
INSERT INTO `news` VALUES ('7', 'Откуда он появился?', '<p>Многие думают, что Lorem Ipsum - взятый с потолка п<strong>севдо-латинский</strong> набор слов, но это не совсем так. Его корни уходят в один фрагмент классической латыни 45 года н.э., то есть более двух тысячелетий назад. Ричард МакКлинток, профессор латыни из колледжа Hampden-Sydney, штат Вирджиния, взял одно из самых странных слов в Lorem Ipsum, &quot;consectetur&quot;, и занялся его поисками в классической латинской литературе. В результате он нашёл неоспоримый первоисточник Lorem Ipsum в разделах 1.10.32 и 1.10.33 книги &quot;de Finibus Bonorum et Malorum&quot; (&quot;О пределах добра и зла&quot;), написанной Цицероном в 45 году н.э. Этот трактат по теории этики был очень популярен в эпоху Возрождения. Первая строка Lorem Ipsum, &quot;Lorem ipsum dolor sit amet..&quot;, происходит от одной из строк в разделе 1.10.32 Классический текст Lorem Ipsum, используемый с XVI века, приведён ниже. Также даны разделы 1.10.32 и 1.10.33 &quot;de Finibus Bonorum et Malorum&quot; Цицерона и их английский перевод, сделанный H. Rackham, 1914 год.</p>\r\n', '2016-11-05 08:40:56', '4');
INSERT INTO `news` VALUES ('8', 'Почему он используется?', '<p>Давно выяснено, что при оценке дизайна и композиции читаемый текст мешает сосредоточиться. Lorem Ipsum используют потому, что тот обеспечивает более или менее стандартное заполнение шаблона, а также реальное распределение букв и пробелов в абзацах, которое не получается при простой дубликации &quot;Здесь ваш текст.. Здесь ваш текст.. Здесь ваш текст..&quot; Многие программы электронной вёрстки и редакторы HTML используют Lorem Ipsum в качестве текста по умолчанию, так что поиск по ключевым словам &quot;lorem ipsum&quot; сразу показывает, как много веб-страниц всё ещё дожидаются своего настоящего рождения. За прошедшие годы текст Lorem Ipsum получил много версий. Некоторые версии появились по ошибке, некоторые - намеренно (например, юмористические варианты).</p>\r\n', '2016-11-06 08:41:04', '5');
INSERT INTO `news` VALUES ('9', 'Где его взять?', '<p>Есть много вариантов Lorem Ipsum, но большинство из них имеет не всегда приемлемые модификации, например, юмористические вставки или слова, которые даже отдалённо не напоминают латынь. Если вам нужен Lorem Ipsum для серьёзного проекта, вы наверняка не хотите какой-нибудь шутки, скрытой в середине абзаца. Также все другие известные генераторы Lorem Ipsum используют один и тот же текст, который они просто повторяют, пока не достигнут нужный объём. Это делает предлагаемый здесь генератор единственным настоящим Lorem Ipsum генератором. Он использует словарь из более чем 200 латинских слов, а также набор моделей предложений. В результате сгенерированный Lorem Ipsum выглядит правдоподобно, не имеет повторяющихся абзацей или &quot;невозможных&quot; слов.</p>\r\n', '2016-11-07 08:41:13', '6');
INSERT INTO `news` VALUES ('10', 'Переклад Х.Рекема англійською, 1914', '<p>&quot;On the other hand, we denounce with righteous indignation and dislike men who are so beguiled and demoralized by the charms of pleasure of the moment, so blinded by desire, that they cannot foresee the pain and trouble that are bound to ensue; and equal blame belongs to those who fail in their duty through weakness of will, which is the same as saying through shrinking from toil and pain. These cases are perfectly simple and easy to distinguish. In a free hour, when our power of choice is untrammelled and when nothing prevents our being able to do what we like best, every pleasure is to be welcomed and every pain avoided. But in certain circumstances and owing to the claims of duty or the obligations of business it will frequently occur that pleasures have to be repudiated and annoyances accepted. The wise man therefore always holds in these matters to this principle of selection: he rejects pleasures to secure other greater pleasures, or else he endures pains to avoid worse pains.&quot;</p>\r\n', '2016-11-08 08:41:19', '2');
INSERT INTO `news` VALUES ('11', 'Epicuri necessitatibus sed te, eu mandamus interesset efficiantur qui.', '<p>Epicuri necessitatibus sed te, eu mandamus interesset efficiantur qui. Legere atomorum qui ne, liber sanctus signiferumque ei vel, ut magna similique deterruisset his. Sale ocurreret mea te. Mea persius iracundia an, eu vel omnium deseruisse. Nisl exerci corrumpit cum ut, no inani indoctum eam. Sed ea vidit commodo, epicuri complectitur sed cu. Ius enim probo facete cu, ea alii iusto necessitatibus pri. Cu feugiat appareat apeirian per, duo in wisi platonem. Te qui mediocrem reprimique, an pro oportere postulant hendrerit. Ex mea erat adipisci. No qui novum regione reformidans.</p>\r\n', '2016-11-09 08:41:27', '3');
INSERT INTO `news` VALUES ('12', 'Ei pro debitis voluptua pertinax, mutat legimus tractatos his ut.', '<p>Ei pro debitis voluptua pertinax, mutat legimus tractatos his ut. Antiopam perpetua at sit. Causae accusam noluisse vix no. Nibh audiam apeirian ne vim. At eos tale graecis erroribus. Legere doming his an. Altera debitis te vis. Tollit animal cum no, vituperata definitiones cu cum, est noster tincidunt in. Sea dictas laoreet an. Vis saepe dissentiet no, vis vide liber ei.</p>\r\n', '2016-11-10 08:41:33', '4');
INSERT INTO `news` VALUES ('13', 'Ex civibus denique concludaturque mei, sed legere torquatos no. ', '<p>Detracto repudiandae cum cu, nec nibh numquam ei. Albucius quaestio ex est, no mel eripuit impedit rationibus. Te sea affert evertitur, cu saperet similique honestatis eam. Erat nonumy dolorem te duo, no has solum contentiones. Ei aliquid habemus quo, dissentiet contentiones eu vel, modo elitr ut eum. Scriptorem interpretaris no eos. Ex civibus denique concludaturque mei, sed legere torquatos no. Per ei adipiscing interesset, sit mucius corpora ad. Percipit iudicabit scribentur in vis. Ludus quaeque ut nam. Sea ex option dolores contentiones, laboramus persequeris pri no. In has aperiri equidem, et mea illud possim timeam. Mel ne virtute senserit principes, sed eu augue pericula.</p>\r\n', '2016-11-11 08:41:39', '5');
INSERT INTO `news` VALUES ('14', 'Что такое куки? - Курс Cookies в PHP от Devionity', '<p><strong>Куки</strong> (Cookies - печеньки) - это информация, которая сохраняется в физической памяти на стороне клиента и может быть отправлена вместе с HTTP запросом на сервер. Куки передаются на сервер в качестве HTTP заголовка Cookie в виде название=значение. В PHP для работы с куками существует суперглобальная переменная $_COOKIES, а также несколько специальных функций. Для чего это нужно? Это используется для снабжения сервера дополнительной информацией, которая необходима ему на протяжении нескольких запросов. Сам по себе HTTP запрос ничего не знает о предыдущих HTTP запросах, потому куки - это один из вариантов снабжать сервер данными, которые связаны с предыдущими запросами. Где это используется? Как правило это используется для аутентификации и авторизации пользователей, для создания корзины. Также, куки лежат в основе сессий (сеансов). Откуда куки появляются у меня на компьютере? Команду создать куки дает сервер, отправляя HTTP заголовок Set-Cookie с парами название-значение куки. В частности, PHP имеет специальную функцию, которая формирует этот заголовок.</p>\r\n', '2016-11-12 08:41:46', '6');
INSERT INTO `news` VALUES ('15', 'Lorem ipsum dolor sit amet, consectetur adipiscing elit.', '<p>Lorem ipsum dolor sit amet, consectetur adipiscing elit. Phasellus pharetra, tellus vulputate ultricies dignissim, nisl justo molestie enim, condimentum pulvinar magna eros id nulla. Donec eget pretium justo. Suspendisse mi ex, congue quis velit scelerisque, scelerisque convallis risus. Phasellus ac enim ornare, cursus sapien egestas, vehicula orci. Mauris tempus sollicitudin nisl, auctor rutrum purus viverra quis. In at fringilla sapien. Morbi fermentum euismod sem at varius. Curabitur magna sem, iaculis non turpis eu, commodo sollicitudin ante. Pellentesque congue nisl mi, vel scelerisque dolor cursus et.</p>\r\n\r\n<p>Lorem ipsum dolor sit amet, consectetur adipiscing elit. Phasellus pharetra, tellus vulputate ultricies dignissim, nisl justo molestie enim, condimentum pulvinar magna eros id nulla. Donec eget pretium justo. Suspendisse mi ex, congue quis velit scelerisque, scelerisque convallis risus. Phasellus ac enim ornare, cursus sapien egestas, vehicula orci. Mauris tempus sollicitudin nisl, auctor rutrum purus viverra quis. In at fringilla sapien. Morbi fermentum euismod sem at varius. Curabitur magna sem, iaculis non turpis eu, commodo sollicitudin ante. Pellentesque congue nisl mi, vel scelerisque dolor cursus et.</p>\r\n\r\n<p>Lorem ipsum dolor sit amet, consectetur adipiscing elit. Phasellus pharetra, tellus vulputate ultricies dignissim, nisl justo molestie enim, condimentum pulvinar magna eros id nulla. Donec eget pretium justo. Suspendisse mi ex, congue quis velit scelerisque, scelerisque convallis risus. Phasellus ac enim ornare, cursus sapien egestas, vehicula orci. Mauris tempus sollicitudin nisl, auctor rutrum purus viverra quis. In at fringilla sapien. Morbi fermentum euismod sem at varius. Curabitur magna sem, iaculis non turpis eu, commodo sollicitudin ante. Pellentesque congue nisl mi, vel scelerisque dolor cursus et.</p>\r\n', '2016-11-13 08:41:52', '1');
INSERT INTO `news` VALUES ('16', 'ТОП-5 калорійних продуктів, які вважають дієтичними...', '<p><strong>Іноді ми відмовляємось від чогось смачненького, але дозволяємо собі йогурти чи сухофрукти, які вважаємо менш калорійними.</strong>Хоча найчастіше їжа, яку ми вважаємо дієтичною, містить ще більше калорій, ніж та, в якій ми собі відмовляємо.Ви будете здивовані, дізнавшись, які &ldquo;дієтичні&rdquo; продукти є не такими вже й дієтичними.</p>\r\n\r\n<p><img alt=\"\" src=\"/bundles/blog/images/news/780-ff3b3b32558c27b88e0aefbefe161452.jpg\" style=\"border-style:solid; border-width:1px; float:left; height:93px; margin:5px; width:140px\" />Мюслі.&nbsp;Більшість з них глазуровані &ndash; тобто, обсмажені в сиропі. Плюс до цього всі містять шматочки солодких фруктів, шоколаду чи сухофруктів. Тому й виходить, що корисний сніданок перетворюється в ситний і калорійний.</p>\r\n\r\n<p>Горіхи.&nbsp;Вони смачні і корисні, але калорійні! Горіхи можна їсти вранці або протягом дня і зовсім трохи.</p>\r\n\r\n<p>Йогурти.&nbsp;Поїдаючи йогурти, ми добровільно забезпечуємо організм цукром. Як варіант &ndash; можна їсти кефір: в цьому продукті точно менше калорій, але почуття голоду відступає.</p>\r\n\r\n<p>Хлібці.&nbsp;Ще один міф: не їсти хліб, але з задоволенням вживати хрусткі хлібці. Якщо в них є дріжджі і маргарин (а в хлібцях ці інгредієнти зазвичай присутні) &ndash; продукт вже не можна назвати дієтичним.</p>\r\n\r\n<p>Сухофрукти.&nbsp;Сухофрукти &ndash; це висушені фрукти з великою кількістю цукру і фруктози. Тому з&rsquo;їдаючи жменю родзинок &ndash; це те саме, що з&rsquo;їсти гроно винограду. В поїданні сухофруктів, як і з рештою їжі, важлива міра.</p>\r\n', '2016-11-13 08:41:46', '2');
INSERT INTO `news` VALUES ('17', 'После скандала в Юрмале Зеленский отказался от денег Госкино', '<h2>Лидер &quot;95-го квартала&quot; посоветовал снимать фильмы тем, кто выступил против него</h2>\r\n\r\n<p>Студия &quot;Квартал 95&quot; отказалсь от государственной помощи в размере 35 млн грн на реализацию проекта &quot;Возвращение Гулливера&quot; &ndash; анимационного полнометражного фимльма. Об этом заявил лидер студии Владимир Зеленский.</p>\r\n\r\n<p>&quot;В связи с ситуацией, которая сложилась в медиапространстве, &quot;Квартал&quot; отказывается от питчинга. Замглавы Нацсовета Ольга Герсимюк сказала, что мы назвали страну попрошанической, а сами участвуем в попрошайничестве. Никогда не думал, что питчинг является попрошайничеством, я все-таки думал, что это поддержка отечественного кинематографа&quot;, &mdash; сказал Зеленский.</p>\r\n\r\n<p>При этом Зеленский заверил, что проект все равно будет реализован.</p>\r\n\r\n<p>Ранее Герасимюк написала на своей странице в Facebook: &quot;Попрошайка просит у страны-попрошайки? Сюжет. Комические куплеты&quot;.</p>\r\n\r\n<p>Напомним, скандальная шутка и &quot;Квартала 95&quot; в Юрмале вызвала большой резонанс в Украине. Сравнив Украину с порноактрисой из немецкого кино для взрослых, юморист навлек на себя&nbsp;<strong><a href=\"http://www.segodnya.ua/politics/society/skandalnaya-shutka-zelenskogo-v-yurmale-vyzvala-bolshoy-rezonans-reakciya-ukraincev-751009.html\" target=\"_blank\">гнев соцсетей</a></strong>&nbsp;и даже части политиков.</p>\r\n\r\n<p>Лидер &quot;95 Квартала&quot; пояснил, что хотел сказать этой шуткой.</p>\r\n\r\n<p>&quot;Шутка, которая вызвала бурное обсуждение, не имеет двух, трех смыслов. Суть проста этой репризы: достаточно брать кредиты за которые отвечать нашим детям, внукам и тем, кто будет жить после нас и нести ответственность за все те гадкие дела, которые творим мы. Мы &ndash; гордый народ, не попрошайки.&nbsp;<a href=\"http://www.segodnya.ua/regions/dnepr/zhutkoe-dtp-s-boycami-pravogo-sektora-vse-podrobnosti-649839.html\">Вот</a>&nbsp;и все. Больше здесь нет других смыслов. Это шутка о поступках наших вершителей, нашей власти, не о людях и не о нашей стране&quot;, &ndash; заявил Зеленский.</p>\r\n\r\n<p>Студия &quot;Квартал 95&quot; также выступила с заявлением относительно своего выступления в Юрмале.</p>\r\n\r\n<p>&quot;<a href=\"http://sport.segodnya.ua/basketball/trener-sbornoy-ukrainy-probely-v-zashchite-kompensiruem-bolshey-otdachey-igrokov-734980.html\">Латвия</a>&nbsp;стала на четыре дня украинской. На многих номерах зрители аплодировали стоя! И мы горды этим. Горды тем, что Украину встречали на бис! Мы сделали это ради Родины. Но не ради оголтелых политиков, которым сегодня не нравится то, что мы говорим со сцены. Мы говорим о том, о чем думают миллионы людей в нашей стране. Мы всегда это делали &ndash; во все времена и при разных властях. И будем это делать и впредь. Против нас сегодня развернута кампания в лучших традициях грязных политических технологий: заказные статьи в интернете и проплаченные комментарии в соцсетях. Значит, кому-то это выгодно. Значит, кому-то нужно, чтобы мы молчали. Но с нами &ndash; наши зрители. И никакие интернет-боты и политтехнологии не заставят нас молчать. Потому что мы говорим правду&quot;, &ndash; прокомментировали в студии &quot;Квартал 95&quot;.</p>\r\n\r\n<p>Источник:&nbsp;http://www.segodnya.ua</p>\r\n', '2016-11-13 08:41:52', '3');

-- ----------------------------
-- Table structure for tag
-- ----------------------------
DROP TABLE IF EXISTS `tag`;
CREATE TABLE `tag` (
  `id` int(11) NOT NULL AUTO_INCREMENT,
  `news_id` int(11) NOT NULL,
  `tag` varchar(255) COLLATE utf8_unicode_ci NOT NULL,
  PRIMARY KEY (`id`),
  KEY `IDX_389B783B5A459A0` (`news_id`),
  CONSTRAINT `FK_389B783B5A459A0` FOREIGN KEY (`news_id`) REFERENCES `news` (`id`)
) ENGINE=InnoDB AUTO_INCREMENT=4 DEFAULT CHARSET=utf8 COLLATE=utf8_unicode_ci;

-- ----------------------------
-- Records of tag
-- ----------------------------
INSERT INTO `tag` VALUES ('1', '4', 'Украина');
INSERT INTO `tag` VALUES ('2', '4', 'припода');
INSERT INTO `tag` VALUES ('3', '4', 'футбол');
